﻿Designator,Footprint,Quantity,Value,LCSC Part #
"C1, C2",0402,2,100 nF,C1525
C11,0805,1,10µ,C440198
C12,0603,1,100n,C14663
"C13, C14",0805,2,22µ,C45783
J1,Header_ESP01,1,ESP_programming,
J4,USB_C_Receptacle,1,USB_C_Receptacle_USB2.0_16P,C709357
L1,L_APV_APH0420,1,4µ7,C133193
P1,USB_C_plug,1,USB_C_Plug,C2880648
"R309, R311, R312, R313",0402,4,10k,C25744
R8,2512,1,50 mOhm,C154681
U1,ESP-01,1,ESP01s,
U2,TSOT-23-6,1,AP63203WU,C780769
U4,SOT-23-8,1,INA219AxDCN,C87469
"U5, U6, U7",JLC_tooling_hole,3,~,
